,kmeans,dbscan,agglomerative
4.0,0.0,0.0,1.0
-1.0,0.0,1.0,0.0
7.0,1.0,0.0,0.0
tot_kmeans,1.0,1.0,1.0
tot_dbscan,1.0,1.0,1.0
tot_agglomerative,1.0,1.0,1.0
#TP,1.0,1.0,1.0
#FP,0.0,2.0,0.0
#TN,7900.0,7898.0,7900.0
#FN,0.0,0.0,0.0
Accuracy,1.0,0.9997468674851284,1.0
Precision,1.0,0.3333333333333333,1.0
Recall,1.0,1.0,1.0
F1,1.0,1.0,1.0
Max_score,0.0,0.0,0.0
18.221.219.4,0.0,0.0,0.0
Time,1111.0,1111.0,1111.0
